{"version":1,"requireCandyCost":[1,1,1,1,1,1,1,1,1,1,1,1,1,1,1,1,1,1,1,1,2,2,2,2,2,2,2,2,2,2,2,2,2,2,2,2,2,2,2,2,3,3,3,3,3,3,3,3,3,3,4,4,4,4,4,4,4,4,4,4,6,6,6,6,8,8,8,8,10,10,10,10,12,12,12,12,15,15,0,0,0,0,0,0,0,0,0,0,0,0,0,0,0,0,0,0,0,0],"requireStardustCost":[200,200,200,200,400,400,400,400,600,600,600,600,800,800,800,800,1000,1000,1000,1000,1300,1300,1300,1300,1600,1600,1600,1600,1900,1900,1900,1900,2200,2200,2200,2200,2500,2500,2500,2500,3000,3000,3000,3000,3500,3500,3500,3500,4000,4000,4000,4000,4500,4500,4500,4500,5000,5000,5000,5000,6000,6000,6000,6000,7000,7000,7000,7000,8000,8000,8000,8000,9000,9000,9000,9000,10000,10000,10000,10000,11000,11000,11000,11000,12000,12000,12000,12000,13000,13000,13000,13000,14000,14000,14000,14000],"requireXlCandyCost":[0,0,0,0,0,0,0,0,0,0,0,0,0,0,0,0,0,0,0,0,0,0,0,0,0,0,0,0,0,0,0,0,0,0,0,0,0,0,0,0,0,0,0,0,0,0,0,0,0,0,0,0,0,0,0,0,0,0,0,0,0,0,0,0,0,0,0,0,0,0,0,0,0,0,0,0,0,0,10,10,10,10,12,12,12,12,15,15,15,15,17,17,17,17,20,20],"shadowAttackBonus":1.2,"shadowDefenceBonus":0.8333333,"CPM":[0.094,0.13019893500000002,0.16639787,0.19106517,0.21573247,0.23572626,0.25572005,0.272984965,0.29024988,0.30566874,0.3210876,0.33515014,0.34921268,0.36222414000000003,0.3752356,0.38740144,0.39956728,0.41103364,0.4225,0.432803775,0.44310755,0.452952975,0.4627984,0.472241675,0.48168495,0.490771695,0.49985844,0.508626195,0.51739395,0.525874125,0.5343543,0.5425735,0.5507927,0.5587736000000001,0.5667545,0.5745167,0.5822789,0.58983945,0.5974,0.6047786500000001,0.6121573,0.6193622000000001,0.6265671,0.6336100250000001,0.64065295,0.64754429,0.65443563,0.661184815,0.667934,0.67454945,0.6811649,0.687654275,0.69414365,0.700513925,0.7068842,0.71314165,0.7193991,0.72554955,0.7317,0.73473475,0.7377695,0.7407794649999999,0.74378943,0.746775235,0.74976104,0.7527232699999999,0.7556855,0.75862467,0.76156384,0.764480505,0.76739717,0.770291835,0.7731865,0.776059625,0.77893275,0.781784875,0.784637,0.7874685,0.7903,0.7928,0.7953,0.7978000000000001,0.8003,0.8028,0.8053,0.8078000000000001,0.8103,0.8128,0.8153,0.8178000000000001,0.8203,0.8228,0.8253,0.8278000000000001,0.8303,0.8328,0.8353,0.8378000000000001,0.8403,0.8428,0.8453,0.8478,0.8503,0.8528,0.8553,0.8577999999999999,0.8603,0.8628,0.8653]}